70BCSV 	
// AQ6370C OPTICAL SPECTRUM ANALYZER //                 
25
"CTRWL",1200.000000
"SPAN", 900.000000
"START WL", 750.000000
"STOP WL",1650.000000
"WLFREQ", 0
"REFL",-10.0
"LSCL",10.0
"RESLN",2.000
"AVG",   1
"SMPLAUTO",      1
"SMPL",       2251
"SMPLINTVL",0.4000
"HIGH1"
"MEAS"
"LSUNT",0
"NMSKH","OFF"
"RESCOR",0
"SMOOTH",0
"FIBERTYPE",0
"MEASWL",1
"SWPSPD",1
"RESPARM", 9901
"FREQPARM", 9901


"[TRACE DATA]"
 750.0000, -42.860
 750.4000, -42.577
 750.8000, -42.256
 751.2000, -42.339
 751.6000, -42.311
 752.0000, -42.232
 752.4000, -42.169
 752.8000, -42.120
 753.2000, -42.139
 753.6000, -42.253
 754.0000, -42.569
 754.4000, -42.501
 754.8000, -42.080
 755.2000, -42.136
 755.6000, -42.049
 756.0000, -42.098
 756.4000, -41.811
 756.8000, -41.730
 757.2000, -41.339
 757.6000, -41.426
 758.0000, -41.040
 758.4000, -41.295
 758.8000, -41.573
 759.2000, -41.457
 759.6000, -41.233
 760.0000, -41.446
 760.4000, -41.516
 760.8000, -41.935
 761.2000, -41.950
 761.6000, -41.834
 762.0000, -41.837
 762.4000, -41.973
 762.8000, -41.635
 763.2000, -41.765
 763.6000, -41.392
 764.0000, -41.266
 764.4000, -41.314
 764.8000, -41.228
 765.2000, -41.285
 765.6000, -41.197
 766.0000, -41.066
 766.4000, -41.060
 766.8000, -40.951
 767.2000, -40.810
 767.6000, -40.501
 768.0000, -40.337
 768.4000, -40.072
 768.8000, -39.920
 769.2000, -39.493
 769.6000, -39.341
 770.0000, -39.279
 770.4000, -38.856
 770.8000, -38.787
 771.2000, -38.448
 771.6000, -38.292
 772.0000, -38.006
 772.4000, -38.112
 772.8000, -38.116
 773.2000, -37.915
 773.6000, -37.869
 774.0000, -37.754
 774.4000, -37.755
 774.8000, -37.974
 775.2000, -37.841
 775.6000, -37.861
 776.0000, -37.674
 776.4000, -37.663
 776.8000, -37.609
 777.2000, -37.458
 777.6000, -37.630
 778.0000, -37.642
 778.4000, -37.798
 778.8000, -37.811
 779.2000, -37.598
 779.6000, -37.583
 780.0000, -37.316
 780.4000, -37.071
 780.8000, -37.117
 781.2000, -36.688
 781.6000, -36.662
 782.0000, -36.543
 782.4000, -36.488
 782.8000, -36.558
 783.2000, -36.353
 783.6000, -36.376
 784.0000, -36.197
 784.4000, -36.049
 784.8000, -36.147
 785.2000, -35.843
 785.6000, -35.668
 786.0000, -35.533
 786.4000, -35.433
 786.8000, -35.596
 787.2000, -35.419
 787.6000, -35.496
 788.0000, -35.587
 788.4000, -35.533
 788.8000, -35.793
 789.2000, -35.728
 789.6000, -35.791
 790.0000, -35.912
 790.4000, -35.741
 790.8000, -35.765
 791.2000, -35.786
 791.6000, -35.376
 792.0000, -35.410
 792.4000, -35.144
 792.8000, -34.729
 793.2000, -34.719
 793.6000, -34.680
 794.0000, -34.766
 794.4000, -34.785
 794.8000, -34.727
 795.2000, -34.964
 795.6000, -34.849
 796.0000, -35.001
 796.4000, -35.392
 796.8000, -35.139
 797.2000, -35.056
 797.6000, -35.040
 798.0000, -34.884
 798.4000, -35.105
 798.8000, -34.918
 799.2000, -35.008
 799.6000, -35.230
 800.0000, -35.070
 800.4000, -35.274
 800.8000, -35.273
 801.2000, -35.345
 801.6000, -35.462
 802.0000, -35.495
 802.4000, -35.621
 802.8000, -35.639
 803.2000, -35.507
 803.6000, -35.355
 804.0000, -35.315
 804.4000, -35.172
 804.8000, -35.106
 805.2000, -35.005
 805.6000, -34.858
 806.0000, -34.840
 806.4000, -34.778
 806.8000, -34.718
 807.2000, -34.963
 807.6000, -34.927
 808.0000, -34.803
 808.4000, -34.775
 808.8000, -34.771
 809.2000, -34.662
 809.6000, -34.679
 810.0000, -34.646
 810.4000, -34.617
 810.8000, -34.593
 811.2000, -34.508
 811.6000, -34.650
 812.0000, -34.742
 812.4000, -34.667
 812.8000, -34.729
 813.2000, -34.762
 813.6000, -34.921
 814.0000, -34.920
 814.4000, -35.065
 814.8000, -35.129
 815.2000, -35.118
 815.6000, -35.182
 816.0000, -35.260
 816.4000, -35.328
 816.8000, -35.309
 817.2000, -35.246
 817.6000, -35.220
 818.0000, -35.328
 818.4000, -35.323
 818.8000, -35.290
 819.2000, -35.249
 819.6000, -35.233
 820.0000, -35.296
 820.4000, -35.407
 820.8000, -35.203
 821.2000, -35.196
 821.6000, -35.352
 822.0000, -35.338
 822.4000, -35.407
 822.8000, -35.504
 823.2000, -35.275
 823.6000, -35.291
 824.0000, -35.455
 824.4000, -35.400
 824.8000, -35.353
 825.2000, -35.358
 825.6000, -35.197
 826.0000, -35.125
 826.4000, -35.297
 826.8000, -35.165
 827.2000, -35.065
 827.6000, -35.180
 828.0000, -35.040
 828.4000, -35.027
 828.8000, -35.210
 829.2000, -35.307
 829.6000, -35.151
 830.0000, -35.214
 830.4000, -35.155
 830.8000, -35.089
 831.2000, -35.357
 831.6000, -35.309
 832.0000, -35.120
 832.4000, -35.233
 832.8000, -35.184
 833.2000, -35.017
 833.6000, -35.161
 834.0000, -35.269
 834.4000, -35.120
 834.8000, -35.128
 835.2000, -35.333
 835.6000, -34.989
 836.0000, -34.979
 836.4000, -35.295
 836.8000, -35.096
 837.2000, -34.963
 837.6000, -35.097
 838.0000, -35.125
 838.4000, -34.893
 838.8000, -34.997
 839.2000, -35.206
 839.6000, -34.956
 840.0000, -34.974
 840.4000, -35.220
 840.8000, -34.946
 841.2000, -34.858
 841.6000, -35.088
 842.0000, -35.050
 842.4000, -34.858
 842.8000, -34.896
 843.2000, -34.949
 843.6000, -34.742
 844.0000, -34.832
 844.4000, -34.909
 844.8000, -34.659
 845.2000, -34.703
 845.6000, -34.838
 846.0000, -34.712
 846.4000, -34.545
 846.8000, -34.499
 847.2000, -34.630
 847.6000, -34.552
 848.0000, -34.463
 848.4000, -34.530
 848.8000, -34.444
 849.2000, -34.505
 849.6000, -34.574
 850.0000, -34.621
 850.4000, -34.539
 850.8000, -34.685
 851.2000, -34.716
 851.6000, -34.787
 852.0000, -34.554
 852.4000, -34.563
 852.8000, -34.715
 853.2000, -34.690
 853.6000, -34.714
 854.0000, -34.577
 854.4000, -34.713
 854.8000, -34.834
 855.2000, -34.885
 855.6000, -34.875
 856.0000, -34.878
 856.4000, -35.050
 856.8000, -34.976
 857.2000, -35.044
 857.6000, -35.128
 858.0000, -35.061
 858.4000, -35.025
 858.8000, -35.114
 859.2000, -35.107
 859.6000, -35.079
 860.0000, -34.957
 860.4000, -35.076
 860.8000, -35.157
 861.2000, -35.039
 861.6000, -34.988
 862.0000, -35.188
 862.4000, -35.129
 862.8000, -34.834
 863.2000, -34.910
 863.6000, -35.033
 864.0000, -34.850
 864.4000, -34.614
 864.8000, -34.492
 865.2000, -34.670
 865.6000, -34.504
 866.0000, -34.179
 866.4000, -34.261
 866.8000, -34.291
 867.2000, -34.200
 867.6000, -33.913
 868.0000, -33.751
 868.4000, -33.776
 868.8000, -33.648
 869.2000, -33.657
 869.6000, -33.667
 870.0000, -33.608
 870.4000, -33.220
 870.8000, -33.382
 871.2000, -33.713
 871.6000, -33.807
 872.0000, -33.608
 872.4000, -33.683
 872.8000, -33.834
 873.2000, -33.959
 873.6000, -33.791
 874.0000, -33.690
 874.4000, -33.809
 874.8000, -34.008
 875.2000, -33.911
 875.6000, -33.657
 876.0000, -33.688
 876.4000, -33.770
 876.8000, -33.690
 877.2000, -33.645
 877.6000, -33.495
 878.0000, -33.584
 878.4000, -33.689
 878.8000, -33.692
 879.2000, -33.584
 879.6000, -33.545
 880.0000, -33.672
 880.4000, -33.620
 880.8000, -33.644
 881.2000, -33.402
 881.6000, -33.321
 882.0000, -33.490
 882.4000, -33.408
 882.8000, -33.412
 883.2000, -33.387
 883.6000, -33.551
 884.0000, -33.469
 884.4000, -33.525
 884.8000, -33.434
 885.2000, -33.432
 885.6000, -33.697
 886.0000, -33.349
 886.4000, -33.406
 886.8000, -33.451
 887.2000, -33.647
 887.6000, -33.544
 888.0000, -33.433
 888.4000, -33.467
 888.8000, -33.455
 889.2000, -33.733
 889.6000, -33.333
 890.0000, -33.277
 890.4000, -33.418
 890.8000, -33.767
 891.2000, -33.547
 891.6000, -33.472
 892.0000, -33.518
 892.4000, -33.630
 892.8000, -33.816
 893.2000, -33.539
 893.6000, -33.541
 894.0000, -33.604
 894.4000, -33.877
 894.8000, -33.430
 895.2000, -33.337
 895.6000, -33.376
 896.0000, -33.773
 896.4000, -33.729
 896.8000, -33.472
 897.2000, -33.288
 897.6000, -33.482
 898.0000, -33.867
 898.4000, -33.687
 898.8000, -33.246
 899.2000, -33.220
 899.6000, -33.523
 900.0000, -33.800
 900.4000, -33.723
 900.8000, -33.344
 901.2000, -33.507
 901.6000, -33.810
 902.0000, -34.075
 902.4000, -33.608
 902.8000, -33.236
 903.2000, -33.321
 903.6000, -33.540
 904.0000, -33.619
 904.4000, -33.587
 904.8000, -33.188
 905.2000, -33.406
 905.6000, -33.721
 906.0000, -33.686
 906.4000, -33.200
 906.8000, -32.801
 907.2000, -32.905
 907.6000, -33.394
 908.0000, -33.591
 908.4000, -33.163
 908.8000, -32.962
 909.2000, -33.168
 909.6000, -33.577
 910.0000, -33.761
 910.4000, -33.434
 910.8000, -32.748
 911.2000, -32.702
 911.6000, -33.196
 912.0000, -33.522
 912.4000, -33.133
 912.8000, -32.778
 913.2000, -32.769
 913.6000, -33.099
 914.0000, -33.669
 914.4000, -33.607
 914.8000, -33.120
 915.2000, -32.728
 915.6000, -32.980
 916.0000, -33.435
 916.4000, -33.523
 916.8000, -33.037
 917.2000, -32.597
 917.6000, -32.578
 918.0000, -32.994
 918.4000, -33.505
 918.8000, -33.428
 919.2000, -32.847
 919.6000, -32.675
 920.0000, -32.968
 920.4000, -33.515
 920.8000, -33.618
 921.2000, -32.976
 921.6000, -32.161
 922.0000, -32.452
 922.4000, -32.870
 922.8000, -33.488
 923.2000, -33.579
 923.6000, -32.919
 924.0000, -32.507
 924.4000, -32.731
 924.8000, -33.246
 925.2000, -33.660
 925.6000, -33.304
 926.0000, -32.703
 926.4000, -32.358
 926.8000, -32.728
 927.2000, -33.371
 927.6000, -33.735
 928.0000, -33.502
 928.4000, -32.925
 928.8000, -32.554
 929.2000, -32.756
 929.6000, -33.144
 930.0000, -33.361
 930.4000, -33.179
 930.8000, -32.751
 931.2000, -32.574
 931.6000, -32.738
 932.0000, -33.240
 932.4000, -33.571
 932.8000, -33.517
 933.2000, -33.107
 933.6000, -32.613
 934.0000, -32.664
 934.4000, -32.782
 934.8000, -33.195
 935.2000, -33.463
 935.6000, -33.428
 936.0000, -33.243
 936.4000, -32.843
 936.8000, -33.091
 937.2000, -33.201
 937.6000, -33.286
 938.0000, -33.234
 938.4000, -32.819
 938.8000, -32.675
 939.2000, -32.465
 939.6000, -32.752
 940.0000, -33.099
 940.4000, -33.347
 940.8000, -33.566
 941.2000, -33.199
 941.6000, -33.212
 942.0000, -33.146
 942.4000, -32.966
 942.8000, -33.213
 943.2000, -33.303
 943.6000, -33.342
 944.0000, -33.192
 944.4000, -33.039
 944.8000, -33.054
 945.2000, -33.005
 945.6000, -33.290
 946.0000, -33.390
 946.4000, -33.375
 946.8000, -33.421
 947.2000, -33.165
 947.6000, -33.054
 948.0000, -33.170
 948.4000, -33.384
 948.8000, -33.530
 949.2000, -33.448
 949.6000, -33.289
 950.0000, -33.178
 950.4000, -33.232
 950.8000, -33.387
 951.2000, -33.326
 951.6000, -33.222
 952.0000, -32.898
 952.4000, -32.617
 952.8000, -32.645
 953.2000, -32.767
 953.6000, -32.991
 954.0000, -32.959
 954.4000, -32.622
 954.8000, -32.547
 955.2000, -32.699
 955.6000, -32.825
 956.0000, -32.908
 956.4000, -32.610
 956.8000, -32.340
 957.2000, -32.229
 957.6000, -32.355
 958.0000, -32.464
 958.4000, -32.563
 958.8000, -32.178
 959.2000, -31.890
 959.6000, -31.838
 960.0000, -32.025
 960.4000, -32.271
 960.8000, -32.472
 961.2000, -32.619
 961.6000, -32.424
 962.0000, -32.419
 962.4000, -32.244
 962.8000, -32.218
 963.2000, -32.411
 963.6000, -32.506
 964.0000, -32.179
 964.4000, -32.144
 964.8000, -32.312
 965.2000, -32.418
 965.6000, -32.923
 966.0000, -32.875
 966.4000, -32.348
 966.8000, -32.244
 967.2000, -32.425
 967.6000, -32.402
 968.0000, -32.640
 968.4000, -32.929
 968.8000, -32.633
 969.2000, -32.860
 969.6000, -33.178
 970.0000, -32.960
 970.4000, -32.914
 970.8000, -33.032
 971.2000, -32.520
 971.6000, -32.270
 972.0000, -32.544
 972.4000, -32.676
 972.8000, -32.663
 973.2000, -32.973
 973.6000, -32.808
 974.0000, -32.673
 974.4000, -32.870
 974.8000, -33.071
 975.2000, -32.874
 975.6000, -32.771
 976.0000, -32.845
 976.4000, -32.697
 976.8000, -32.904
 977.2000, -33.066
 977.6000, -33.243
 978.0000, -33.155
 978.4000, -32.989
 978.8000, -32.487
 979.2000, -32.210
 979.6000, -32.175
 980.0000, -32.295
 980.4000, -32.385
 980.8000, -32.460
 981.2000, -32.779
 981.6000, -33.110
 982.0000, -33.642
 982.4000, -33.739
 982.8000, -33.547
 983.2000, -33.250
 983.6000, -33.049
 984.0000, -32.812
 984.4000, -32.093
 984.8000, -31.666
 985.2000, -31.701
 985.6000, -31.808
 986.0000, -31.883
 986.4000, -32.003
 986.8000, -32.226
 987.2000, -32.620
 987.6000, -33.091
 988.0000, -33.382
 988.4000, -33.328
 988.8000, -32.793
 989.2000, -32.221
 989.6000, -31.709
 990.0000, -31.562
 990.4000, -31.078
 990.8000, -30.787
 991.2000, -30.836
 991.6000, -31.056
 992.0000, -31.508
 992.4000, -31.949
 992.8000, -32.010
 993.2000, -32.330
 993.6000, -32.875
 994.0000, -32.820
 994.4000, -32.606
 994.8000, -32.590
 995.2000, -32.274
 995.6000, -31.567
 996.0000, -31.223
 996.4000, -31.182
 996.8000, -31.154
 997.2000, -31.005
 997.6000, -30.720
 998.0000, -30.832
 998.4000, -31.513
 998.8000, -32.098
 999.2000, -32.165
 999.6000, -32.096
1000.0000, -32.620
1000.4000, -33.321
1000.8000, -33.168
1001.2000, -32.692
1001.6000, -32.748
1002.0000, -32.814
1002.4000, -32.392
1002.8000, -31.894
1003.2000, -31.765
1003.6000, -31.877
1004.0000, -31.953
1004.4000, -31.537
1004.8000, -31.306
1005.2000, -31.578
1005.6000, -31.829
1006.0000, -31.496
1006.4000, -31.044
1006.8000, -31.041
1007.2000, -31.323
1007.6000, -31.660
1008.0000, -31.579
1008.4000, -31.426
1008.8000, -31.765
1009.2000, -32.479
1009.6000, -32.569
1010.0000, -32.042
1010.4000, -31.659
1010.8000, -31.769
1011.2000, -31.756
1011.6000, -31.379
1012.0000, -30.781
1012.4000, -30.576
1012.8000, -30.947
1013.2000, -31.379
1013.6000, -31.306
1014.0000, -30.947
1014.4000, -31.008
1014.8000, -31.665
1015.2000, -32.286
1015.6000, -31.982
1016.0000, -31.285
1016.4000, -30.879
1016.8000, -30.980
1017.2000, -31.203
1017.6000, -31.215
1018.0000, -31.085
1018.4000, -30.880
1018.8000, -30.875
1019.2000, -30.985
1019.6000, -31.358
1020.0000, -31.568
1020.4000, -31.384
1020.8000, -30.843
1021.2000, -30.513
1021.6000, -30.752
1022.0000, -31.314
1022.4000, -31.619
1022.8000, -31.157
1023.2000, -30.644
1023.6000, -30.522
1024.0000, -30.802
1024.4000, -31.251
1024.8000, -31.210
1025.2000, -30.906
1025.6000, -30.602
1026.0000, -30.717
1026.4000, -31.034
1026.8000, -31.286
1027.2000, -31.133
1027.6000, -30.754
1028.0000, -30.510
1028.4000, -30.562
1028.8000, -30.799
1029.2000, -31.162
1029.6000, -31.361
1030.0000, -31.344
1030.4000, -31.256
1030.8000, -31.380
1031.2000, -31.594
1031.6000, -31.895
1032.0000, -32.070
1032.4000, -32.217
1032.8000, -32.233
1033.2000, -32.274
1033.6000, -32.294
1034.0000, -32.365
1034.4000, -32.333
1034.8000, -32.373
1035.2000, -32.355
1035.6000, -32.343
1036.0000, -32.245
1036.4000, -32.162
1036.8000, -31.982
1037.2000, -31.776
1037.6000, -31.547
1038.0000, -31.360
1038.4000, -31.329
1038.8000, -31.426
1039.2000, -31.595
1039.6000, -31.684
1040.0000, -31.722
1040.4000, -31.473
1040.8000, -31.139
1041.2000, -30.765
1041.6000, -30.589
1042.0000, -30.587
1042.4000, -30.927
1042.8000, -31.447
1043.2000, -32.011
1043.6000, -32.535
1044.0000, -32.717
1044.4000, -32.364
1044.8000, -31.697
1045.2000, -31.120
1045.6000, -30.684
1046.0000, -30.548
1046.4000, -30.699
1046.8000, -31.117
1047.2000, -31.723
1047.6000, -32.340
1048.0000, -32.644
1048.4000, -32.552
1048.8000, -31.976
1049.2000, -31.299
1049.6000, -30.602
1050.0000, -30.064
1050.4000, -29.801
1050.8000, -29.717
1051.2000, -29.855
1051.6000, -30.139
1052.0000, -30.506
1052.4000, -30.908
1052.8000, -31.245
1053.2000, -31.375
1053.6000, -31.466
1054.0000, -31.386
1054.4000, -31.287
1054.8000, -31.200
1055.2000, -31.105
1055.6000, -31.024
1056.0000, -30.881
1056.4000, -30.801
1056.8000, -30.714
1057.2000, -30.612
1057.6000, -30.499
1058.0000, -30.493
1058.4000, -30.533
1058.8000, -30.588
1059.2000, -30.664
1059.6000, -30.619
1060.0000, -30.494
1060.4000, -30.237
1060.8000, -29.903
1061.2000, -29.483
1061.6000, -29.100
1062.0000, -28.819
1062.4000, -28.706
1062.8000, -23.888
1063.2000, -13.899
1063.6000, -13.451
1064.0000, -13.544
1064.4000, -13.594
1064.8000, -13.584
1065.2000, -13.567
1065.6000, -13.632
1066.0000, -17.967
1066.4000, -31.172
1066.8000, -31.587
1067.2000, -31.227
1067.6000, -30.852
1068.0000, -30.541
1068.4000, -30.333
1068.8000, -30.070
1069.2000, -29.826
1069.6000, -29.626
1070.0000, -29.313
1070.4000, -29.040
1070.8000, -28.731
1071.2000, -28.404
1071.6000, -28.100
1072.0000, -27.885
1072.4000, -27.779
1072.8000, -27.844
1073.2000, -27.990
1073.6000, -28.262
1074.0000, -28.733
1074.4000, -29.312
1074.8000, -29.903
1075.2000, -30.428
1075.6000, -30.706
1076.0000, -30.664
1076.4000, -30.249
1076.8000, -29.661
1077.2000, -29.047
1077.6000, -28.507
1078.0000, -28.105
1078.4000, -27.902
1078.8000, -27.927
1079.2000, -28.124
1079.6000, -28.475
1080.0000, -28.914
1080.4000, -29.300
1080.8000, -29.586
1081.2000, -29.805
1081.6000, -29.824
1082.0000, -29.800
1082.4000, -29.774
1082.8000, -29.797
1083.2000, -29.864
1083.6000, -29.843
1084.0000, -29.652
1084.4000, -29.364
1084.8000, -29.097
1085.2000, -28.787
1085.6000, -28.640
1086.0000, -28.546
1086.4000, -28.523
1086.8000, -28.532
1087.2000, -28.553
1087.6000, -28.465
1088.0000, -28.429
1088.4000, -28.356
1088.8000, -28.264
1089.2000, -28.088
1089.6000, -27.960
1090.0000, -27.869
1090.4000, -27.903
1090.8000, -27.987
1091.2000, -28.016
1091.6000, -27.882
1092.0000, -27.682
1092.4000, -27.506
1092.8000, -27.313
1093.2000, -27.056
1093.6000, -26.667
1094.0000, -26.244
1094.4000, -25.918
1094.8000, -26.064
1095.2000, -26.391
1095.6000, -26.859
1096.0000, -27.320
1096.4000, -27.969
1096.8000, -28.914
1097.2000, -30.029
1097.6000, -30.179
1098.0000, -29.120
1098.4000, -27.878
1098.8000, -26.966
1099.2000, -26.372
1099.6000, -26.054
1100.0000, -25.785
1100.4000, -25.828
1100.8000, -26.338
1101.2000, -27.191
1101.6000, -28.223
1102.0000, -28.977
1102.4000, -29.237
1102.8000, -28.975
1103.2000, -28.286
1103.6000, -27.651
1104.0000, -27.057
1104.4000, -26.776
1104.8000, -26.807
1105.2000, -27.166
1105.6000, -27.737
1106.0000, -28.681
1106.4000, -29.628
1106.8000, -29.970
1107.2000, -29.487
1107.6000, -28.697
1108.0000, -28.243
1108.4000, -28.022
1108.8000, -27.878
1109.2000, -27.882
1109.6000, -28.178
1110.0000, -28.653
1110.4000, -28.661
1110.8000, -28.057
1111.2000, -27.486
1111.6000, -27.189
1112.0000, -27.045
1112.4000, -26.973
1112.8000, -27.123
1113.2000, -27.667
1113.6000, -28.218
1114.0000, -28.307
1114.4000, -28.013
1114.8000, -27.681
1115.2000, -27.436
1115.6000, -27.231
1116.0000, -27.145
1116.4000, -27.532
1116.8000, -28.087
1117.2000, -28.473
1117.6000, -28.440
1118.0000, -28.326
1118.4000, -28.335
1118.8000, -28.347
1119.2000, -28.340
1119.6000, -28.579
1120.0000, -28.815
1120.4000, -28.880
1120.8000, -29.044
1121.2000, -29.101
1121.6000, -28.981
1122.0000, -28.695
1122.4000, -28.517
1122.8000, -28.575
1123.2000, -29.041
1123.6000, -29.271
1124.0000, -29.206
1124.4000, -29.203
1124.8000, -29.012
1125.2000, -28.818
1125.6000, -28.777
1126.0000, -28.604
1126.4000, -28.540
1126.8000, -28.533
1127.2000, -28.440
1127.6000, -28.243
1128.0000, -28.202
1128.4000, -28.232
1128.8000, -28.425
1129.2000, -28.581
1129.6000, -28.426
1130.0000, -28.429
1130.4000, -28.758
1130.8000, -28.871
1131.2000, -28.573
1131.6000, -28.117
1132.0000, -28.108
1132.4000, -28.485
1132.8000, -28.708
1133.2000, -28.409
1133.6000, -28.191
1134.0000, -28.287
1134.4000, -28.494
1134.8000, -28.458
1135.2000, -28.217
1135.6000, -28.136
1136.0000, -28.316
1136.4000, -28.482
1136.8000, -28.531
1137.2000, -28.746
1137.6000, -28.882
1138.0000, -29.102
1138.4000, -29.294
1138.8000, -29.422
1139.2000, -29.524
1139.6000, -29.446
1140.0000, -29.415
1140.4000, -29.549
1140.8000, -29.616
1141.2000, -29.368
1141.6000, -29.232
1142.0000, -29.243
1142.4000, -29.348
1142.8000, -29.385
1143.2000, -29.146
1143.6000, -29.055
1144.0000, -29.350
1144.4000, -29.625
1144.8000, -29.808
1145.2000, -29.598
1145.6000, -29.641
1146.0000, -29.966
1146.4000, -29.875
1146.8000, -29.596
1147.2000, -29.466
1147.6000, -29.748
1148.0000, -29.745
1148.4000, -29.361
1148.8000, -29.211
1149.2000, -29.440
1149.6000, -29.697
1150.0000, -29.530
1150.4000, -29.228
1150.8000, -29.474
1151.2000, -29.577
1151.6000, -29.464
1152.0000, -29.336
1152.4000, -29.560
1152.8000, -29.697
1153.2000, -29.406
1153.6000, -29.269
1154.0000, -29.523
1154.4000, -29.850
1154.8000, -29.637
1155.2000, -29.353
1155.6000, -29.599
1156.0000, -29.904
1156.4000, -29.758
1156.8000, -29.658
1157.2000, -29.850
1157.6000, -30.061
1158.0000, -29.765
1158.4000, -29.879
1158.8000, -30.108
1159.2000, -30.217
1159.6000, -29.742
1160.0000, -29.724
1160.4000, -29.867
1160.8000, -29.827
1161.2000, -29.598
1161.6000, -29.710
1162.0000, -29.728
1162.4000, -29.640
1162.8000, -29.605
1163.2000, -29.985
1163.6000, -30.048
1164.0000, -29.766
1164.4000, -29.834
1164.8000, -30.112
1165.2000, -30.129
1165.6000, -29.829
1166.0000, -29.817
1166.4000, -29.765
1166.8000, -29.816
1167.2000, -29.844
1167.6000, -29.884
1168.0000, -29.756
1168.4000, -29.706
1168.8000, -29.812
1169.2000, -29.938
1169.6000, -29.758
1170.0000, -29.591
1170.4000, -29.680
1170.8000, -29.760
1171.2000, -29.732
1171.6000, -29.782
1172.0000, -29.834
1172.4000, -29.933
1172.8000, -29.961
1173.2000, -30.267
1173.6000, -30.349
1174.0000, -30.175
1174.4000, -30.257
1174.8000, -30.606
1175.2000, -30.642
1175.6000, -30.645
1176.0000, -30.726
1176.4000, -30.651
1176.8000, -30.722
1177.2000, -30.839
1177.6000, -30.712
1178.0000, -30.570
1178.4000, -30.692
1178.8000, -30.730
1179.2000, -30.708
1179.6000, -30.735
1180.0000, -30.698
1180.4000, -30.560
1180.8000, -30.747
1181.2000, -30.662
1181.6000, -30.475
1182.0000, -30.484
1182.4000, -30.574
1182.8000, -30.480
1183.2000, -30.583
1183.6000, -30.509
1184.0000, -30.401
1184.4000, -30.546
1184.8000, -30.554
1185.2000, -30.437
1185.6000, -30.610
1186.0000, -30.670
1186.4000, -30.694
1186.8000, -30.900
1187.2000, -30.818
1187.6000, -30.792
1188.0000, -31.029
1188.4000, -31.001
1188.8000, -31.006
1189.2000, -31.033
1189.6000, -30.939
1190.0000, -31.125
1190.4000, -30.986
1190.8000, -30.858
1191.2000, -31.100
1191.6000, -31.027
1192.0000, -31.188
1192.4000, -31.232
1192.8000, -31.095
1193.2000, -31.358
1193.6000, -31.252
1194.0000, -31.152
1194.4000, -31.264
1194.8000, -31.087
1195.2000, -31.266
1195.6000, -31.244
1196.0000, -31.130
1196.4000, -31.406
1196.8000, -31.388
1197.2000, -31.533
1197.6000, -31.442
1198.0000, -31.388
1198.4000, -31.646
1198.8000, -31.491
1199.2000, -31.601
1199.6000, -31.665
1200.0000, -31.666
1200.4000, -31.824
1200.8000, -31.598
1201.2000, -31.613
1201.6000, -31.648
1202.0000, -31.547
1202.4000, -31.637
1202.8000, -31.536
1203.2000, -31.632
1203.6000, -31.644
1204.0000, -31.535
1204.4000, -31.516
1204.8000, -31.584
1205.2000, -31.555
1205.6000, -31.549
1206.0000, -31.633
1206.4000, -31.758
1206.8000, -31.716
1207.2000, -31.688
1207.6000, -31.534
1208.0000, -31.576
1208.4000, -31.535
1208.8000, -31.576
1209.2000, -31.652
1209.6000, -31.743
1210.0000, -31.776
1210.4000, -31.717
1210.8000, -31.718
1211.2000, -31.666
1211.6000, -31.628
1212.0000, -31.581
1212.4000, -31.536
1212.8000, -31.631
1213.2000, -31.608
1213.6000, -31.591
1214.0000, -31.571
1214.4000, -31.586
1214.8000, -31.508
1215.2000, -31.566
1215.6000, -31.545
1216.0000, -31.559
1216.4000, -31.579
1216.8000, -31.523
1217.2000, -31.417
1217.6000, -31.406
1218.0000, -31.341
1218.4000, -31.308
1218.8000, -31.331
1219.2000, -31.361
1219.6000, -31.391
1220.0000, -31.387
1220.4000, -31.421
1220.8000, -31.372
1221.2000, -31.339
1221.6000, -31.328
1222.0000, -31.391
1222.4000, -31.489
1222.8000, -31.445
1223.2000, -31.448
1223.6000, -31.480
1224.0000, -31.514
1224.4000, -31.447
1224.8000, -31.499
1225.2000, -31.420
1225.6000, -31.427
1226.0000, -31.417
1226.4000, -31.444
1226.8000, -31.376
1227.2000, -31.303
1227.6000, -31.227
1228.0000, -31.260
1228.4000, -31.156
1228.8000, -31.251
1229.2000, -31.172
1229.6000, -31.293
1230.0000, -31.336
1230.4000, -31.382
1230.8000, -31.328
1231.2000, -31.422
1231.6000, -31.317
1232.0000, -31.437
1232.4000, -31.334
1232.8000, -31.540
1233.2000, -31.471
1233.6000, -31.649
1234.0000, -31.566
1234.4000, -31.653
1234.8000, -31.591
1235.2000, -31.566
1235.6000, -31.652
1236.0000, -31.542
1236.4000, -31.623
1236.8000, -31.538
1237.2000, -31.707
1237.6000, -31.543
1238.0000, -31.687
1238.4000, -31.616
1238.8000, -31.620
1239.2000, -31.581
1239.6000, -31.654
1240.0000, -31.759
1240.4000, -31.774
1240.8000, -31.979
1241.2000, -31.878
1241.6000, -32.023
1242.0000, -32.072
1242.4000, -32.046
1242.8000, -32.168
1243.2000, -32.112
1243.6000, -32.325
1244.0000, -32.214
1244.4000, -32.337
1244.8000, -32.244
1245.2000, -32.390
1245.6000, -32.350
1246.0000, -32.274
1246.4000, -32.415
1246.8000, -32.274
1247.2000, -32.336
1247.6000, -32.318
1248.0000, -32.274
1248.4000, -32.401
1248.8000, -32.405
1249.2000, -32.424
1249.6000, -32.457
1250.0000, -32.489
1250.4000, -32.619
1250.8000, -32.690
1251.2000, -32.773
1251.6000, -32.829
1252.0000, -32.895
1252.4000, -32.974
1252.8000, -32.952
1253.2000, -32.949
1253.6000, -32.967
1254.0000, -32.936
1254.4000, -32.955
1254.8000, -32.899
1255.2000, -32.919
1255.6000, -32.881
1256.0000, -32.854
1256.4000, -32.858
1256.8000, -32.908
1257.2000, -32.864
1257.6000, -32.933
1258.0000, -32.968
1258.4000, -32.990
1258.8000, -33.041
1259.2000, -33.110
1259.6000, -33.156
1260.0000, -33.172
1260.4000, -33.180
1260.8000, -33.236
1261.2000, -33.305
1261.6000, -33.193
1262.0000, -33.210
1262.4000, -33.241
1262.8000, -33.273
1263.2000, -33.230
1263.6000, -33.116
1264.0000, -33.064
1264.4000, -33.012
1264.8000, -33.059
1265.2000, -32.944
1265.6000, -33.038
1266.0000, -32.990
1266.4000, -33.045
1266.8000, -33.045
1267.2000, -33.050
1267.6000, -33.056
1268.0000, -33.150
1268.4000, -33.203
1268.8000, -33.188
1269.2000, -33.193
1269.6000, -33.264
1270.0000, -33.167
1270.4000, -33.129
1270.8000, -33.128
1271.2000, -33.097
1271.6000, -33.020
1272.0000, -32.966
1272.4000, -32.891
1272.8000, -32.890
1273.2000, -32.867
1273.6000, -32.816
1274.0000, -32.827
1274.4000, -32.865
1274.8000, -32.893
1275.2000, -32.893
1275.6000, -32.911
1276.0000, -32.940
1276.4000, -33.036
1276.8000, -33.019
1277.2000, -33.097
1277.6000, -33.065
1278.0000, -33.040
1278.4000, -32.997
1278.8000, -32.941
1279.2000, -32.967
1279.6000, -32.928
1280.0000, -32.879
1280.4000, -32.872
1280.8000, -32.851
1281.2000, -32.863
1281.6000, -32.810
1282.0000, -32.859
1282.4000, -32.859
1282.8000, -32.949
1283.2000, -33.032
1283.6000, -33.072
1284.0000, -33.114
1284.4000, -33.213
1284.8000, -33.200
1285.2000, -33.199
1285.6000, -33.153
1286.0000, -33.229
1286.4000, -33.142
1286.8000, -33.146
1287.2000, -33.116
1287.6000, -33.061
1288.0000, -33.051
1288.4000, -33.031
1288.8000, -33.086
1289.2000, -33.116
1289.6000, -33.193
1290.0000, -33.249
1290.4000, -33.288
1290.8000, -33.331
1291.2000, -33.404
1291.6000, -33.473
1292.0000, -33.475
1292.4000, -33.437
1292.8000, -33.465
1293.2000, -33.444
1293.6000, -33.394
1294.0000, -33.369
1294.4000, -33.363
1294.8000, -33.329
1295.2000, -33.318
1295.6000, -33.337
1296.0000, -33.349
1296.4000, -33.378
1296.8000, -33.441
1297.2000, -33.445
1297.6000, -33.553
1298.0000, -33.571
1298.4000, -33.603
1298.8000, -33.583
1299.2000, -33.643
1299.6000, -33.643
1300.0000, -33.641
1300.4000, -33.571
1300.8000, -33.462
1301.2000, -33.426
1301.6000, -33.447
1302.0000, -33.431
1302.4000, -33.436
1302.8000, -33.472
1303.2000, -33.550
1303.6000, -33.648
1304.0000, -33.683
1304.4000, -33.656
1304.8000, -33.630
1305.2000, -33.680
1305.6000, -33.745
1306.0000, -33.750
1306.4000, -33.628
1306.8000, -33.532
1307.2000, -33.448
1307.6000, -33.459
1308.0000, -33.438
1308.4000, -33.368
1308.8000, -33.380
1309.2000, -33.316
1309.6000, -33.442
1310.0000, -33.439
1310.4000, -33.443
1310.8000, -33.441
1311.2000, -33.480
1311.6000, -33.459
1312.0000, -33.459
1312.4000, -33.370
1312.8000, -33.409
1313.2000, -33.272
1313.6000, -33.191
1314.0000, -33.186
1314.4000, -33.150
1314.8000, -33.159
1315.2000, -33.133
1315.6000, -33.160
1316.0000, -33.228
1316.4000, -33.274
1316.8000, -33.325
1317.2000, -33.289
1317.6000, -33.330
1318.0000, -33.260
1318.4000, -33.227
1318.8000, -33.180
1319.2000, -33.135
1319.6000, -33.048
1320.0000, -32.977
1320.4000, -32.961
1320.8000, -33.027
1321.2000, -33.015
1321.6000, -32.924
1322.0000, -33.020
1322.4000, -33.139
1322.8000, -33.137
1323.2000, -33.146
1323.6000, -33.149
1324.0000, -33.098
1324.4000, -33.045
1324.8000, -33.023
1325.2000, -32.955
1325.6000, -32.918
1326.0000, -32.892
1326.4000, -32.921
1326.8000, -33.014
1327.2000, -32.977
1327.6000, -33.051
1328.0000, -33.052
1328.4000, -33.115
1328.8000, -33.221
1329.2000, -33.146
1329.6000, -33.229
1330.0000, -33.133
1330.4000, -33.090
1330.8000, -33.110
1331.2000, -33.143
1331.6000, -33.083
1332.0000, -33.115
1332.4000, -33.080
1332.8000, -33.222
1333.2000, -33.271
1333.6000, -33.338
1334.0000, -33.383
1334.4000, -33.416
1334.8000, -33.361
1335.2000, -33.377
1335.6000, -33.381
1336.0000, -33.339
1336.4000, -33.405
1336.8000, -33.402
1337.2000, -33.374
1337.6000, -33.376
1338.0000, -33.472
1338.4000, -33.535
1338.8000, -33.524
1339.2000, -33.608
1339.6000, -33.549
1340.0000, -33.616
1340.4000, -33.638
1340.8000, -33.565
1341.2000, -33.540
1341.6000, -33.509
1342.0000, -33.423
1342.4000, -33.502
1342.8000, -33.527
1343.2000, -33.512
1343.6000, -33.560
1344.0000, -33.585
1344.4000, -33.638
1344.8000, -33.594
1345.2000, -33.584
1345.6000, -33.575
1346.0000, -33.552
1346.4000, -33.621
1346.8000, -33.582
1347.2000, -33.536
1347.6000, -33.646
1348.0000, -33.554
1348.4000, -33.651
1348.8000, -33.672
1349.2000, -33.668
1349.6000, -33.671
1350.0000, -33.687
1350.4000, -33.728
1350.8000, -33.686
1351.2000, -33.718
1351.6000, -33.680
1352.0000, -33.714
1352.4000, -33.800
1352.8000, -33.741
1353.2000, -33.830
1353.6000, -33.917
1354.0000, -34.016
1354.4000, -33.991
1354.8000, -34.078
1355.2000, -34.232
1355.6000, -34.121
1356.0000, -34.001
1356.4000, -34.091
1356.8000, -34.157
1357.2000, -34.137
1357.6000, -34.121
1358.0000, -34.134
1358.4000, -34.218
1358.8000, -34.239
1359.2000, -34.249
1359.6000, -34.361
1360.0000, -34.454
1360.4000, -34.416
1360.8000, -34.412
1361.2000, -34.627
1361.6000, -34.893
1362.0000, -34.734
1362.4000, -34.731
1362.8000, -34.604
1363.2000, -34.434
1363.6000, -34.361
1364.0000, -34.468
1364.4000, -34.415
1364.8000, -34.594
1365.2000, -34.566
1365.6000, -34.423
1366.0000, -34.315
1366.4000, -34.227
1366.8000, -34.263
1367.2000, -34.341
1367.6000, -34.565
1368.0000, -34.513
1368.4000, -34.512
1368.8000, -34.436
1369.2000, -34.469
1369.6000, -34.289
1370.0000, -34.319
1370.4000, -34.477
1370.8000, -34.463
1371.2000, -34.511
1371.6000, -34.530
1372.0000, -34.531
1372.4000, -34.423
1372.8000, -34.459
1373.2000, -34.558
1373.6000, -34.494
1374.0000, -34.577
1374.4000, -34.513
1374.8000, -34.638
1375.2000, -34.712
1375.6000, -34.765
1376.0000, -34.873
1376.4000, -34.989
1376.8000, -35.076
1377.2000, -35.099
1377.6000, -35.186
1378.0000, -35.351
1378.4000, -35.483
1378.8000, -35.472
1379.2000, -35.642
1379.6000, -35.880
1380.0000, -36.123
1380.4000, -36.401
1380.8000, -36.425
1381.2000, -36.668
1381.6000, -36.775
1382.0000, -36.844
1382.4000, -36.968
1382.8000, -37.120
1383.2000, -37.272
1383.6000, -37.154
1384.0000, -36.968
1384.4000, -37.253
1384.8000, -37.342
1385.2000, -37.293
1385.6000, -37.441
1386.0000, -37.395
1386.4000, -37.352
1386.8000, -37.416
1387.2000, -37.743
1387.6000, -37.875
1388.0000, -37.934
1388.4000, -38.037
1388.8000, -38.197
1389.2000, -38.179
1389.6000, -38.189
1390.0000, -38.202
1390.4000, -38.337
1390.8000, -38.433
1391.2000, -38.534
1391.6000, -38.882
1392.0000, -38.983
1392.4000, -38.990
1392.8000, -39.162
1393.2000, -39.199
1393.6000, -39.048
1394.0000, -39.246
1394.4000, -39.548
1394.8000, -39.650
1395.2000, -39.661
1395.6000, -39.974
1396.0000, -39.950
1396.4000, -39.930
1396.8000, -39.945
1397.2000, -39.936
1397.6000, -39.811
1398.0000, -39.760
1398.4000, -39.850
1398.8000, -39.933
1399.2000, -40.094
1399.6000, -40.293
1400.0000, -40.552
1400.4000, -40.628
1400.8000, -40.555
1401.2000, -40.450
1401.6000, -40.404
1402.0000, -40.267
1402.4000, -40.207
1402.8000, -40.248
1403.2000, -40.250
1403.6000, -40.272
1404.0000, -40.459
1404.4000, -40.609
1404.8000, -40.687
1405.2000, -40.696
1405.6000, -40.671
1406.0000, -40.708
1406.4000, -40.706
1406.8000, -40.626
1407.2000, -40.537
1407.6000, -40.636
1408.0000, -40.510
1408.4000, -40.538
1408.8000, -40.620
1409.2000, -40.547
1409.6000, -40.623
1410.0000, -40.617
1410.4000, -40.504
1410.8000, -40.338
1411.2000, -40.191
1411.6000, -40.197
1412.0000, -40.143
1412.4000, -40.166
1412.8000, -40.143
1413.2000, -40.233
1413.6000, -40.332
1414.0000, -40.173
1414.4000, -40.112
1414.8000, -40.226
1415.2000, -39.980
1415.6000, -39.942
1416.0000, -39.875
1416.4000, -39.805
1416.8000, -39.779
1417.2000, -39.853
1417.6000, -39.851
1418.0000, -39.791
1418.4000, -39.895
1418.8000, -39.787
1419.2000, -39.751
1419.6000, -39.598
1420.0000, -39.620
1420.4000, -39.618
1420.8000, -39.596
1421.2000, -39.757
1421.6000, -39.668
1422.0000, -39.406
1422.4000, -39.568
1422.8000, -39.540
1423.2000, -39.753
1423.6000, -39.697
1424.0000, -39.610
1424.4000, -39.769
1424.8000, -39.679
1425.2000, -39.600
1425.6000, -39.462
1426.0000, -39.604
1426.4000, -39.576
1426.8000, -39.512
1427.2000, -39.636
1427.6000, -39.510
1428.0000, -39.684
1428.4000, -39.613
1428.8000, -39.574
1429.2000, -39.700
1429.6000, -39.668
1430.0000, -39.632
1430.4000, -39.770
1430.8000, -39.660
1431.2000, -39.682
1431.6000, -39.770
1432.0000, -39.674
1432.4000, -39.765
1432.8000, -39.635
1433.2000, -39.704
1433.6000, -39.669
1434.0000, -39.643
1434.4000, -39.673
1434.8000, -39.739
1435.2000, -39.644
1435.6000, -39.786
1436.0000, -39.800
1436.4000, -39.642
1436.8000, -39.617
1437.2000, -39.629
1437.6000, -39.742
1438.0000, -39.736
1438.4000, -39.656
1438.8000, -39.666
1439.2000, -39.743
1439.6000, -39.750
1440.0000, -39.606
1440.4000, -39.828
1440.8000, -39.916
1441.2000, -39.665
1441.6000, -39.808
1442.0000, -39.855
1442.4000, -39.776
1442.8000, -40.124
1443.2000, -39.942
1443.6000, -39.913
1444.0000, -39.760
1444.4000, -39.944
1444.8000, -39.996
1445.2000, -40.046
1445.6000, -40.012
1446.0000, -40.078
1446.4000, -40.053
1446.8000, -39.910
1447.2000, -40.013
1447.6000, -40.156
1448.0000, -40.058
1448.4000, -39.839
1448.8000, -40.107
1449.2000, -40.048
1449.6000, -40.119
1450.0000, -40.260
1450.4000, -40.137
1450.8000, -40.301
1451.2000, -40.123
1451.6000, -40.094
1452.0000, -40.247
1452.4000, -40.137
1452.8000, -40.283
1453.2000, -40.405
1453.6000, -40.542
1454.0000, -40.324
1454.4000, -40.136
1454.8000, -40.484
1455.2000, -40.494
1455.6000, -40.392
1456.0000, -40.307
1456.4000, -40.405
1456.8000, -40.391
1457.2000, -40.734
1457.6000, -40.591
1458.0000, -40.784
1458.4000, -40.737
1458.8000, -40.746
1459.2000, -40.737
1459.6000, -40.594
1460.0000, -40.675
1460.4000, -40.639
1460.8000, -40.741
1461.2000, -40.768
1461.6000, -40.619
1462.0000, -40.656
1462.4000, -40.864
1462.8000, -40.693
1463.2000, -40.860
1463.6000, -40.887
1464.0000, -40.836
1464.4000, -40.772
1464.8000, -40.821
1465.2000, -40.611
1465.6000, -40.700
1466.0000, -40.761
1466.4000, -40.983
1466.8000, -40.951
1467.2000, -41.221
1467.6000, -41.113
1468.0000, -41.033
1468.4000, -40.976
1468.8000, -41.016
1469.2000, -40.949
1469.6000, -40.958
1470.0000, -40.922
1470.4000, -41.344
1470.8000, -41.151
1471.2000, -41.186
1471.6000, -41.136
1472.0000, -41.062
1472.4000, -41.022
1472.8000, -41.058
1473.2000, -41.142
1473.6000, -41.208
1474.0000, -40.941
1474.4000, -40.795
1474.8000, -41.092
1475.2000, -41.067
1475.6000, -40.986
1476.0000, -41.061
1476.4000, -41.317
1476.8000, -41.325
1477.2000, -41.286
1477.6000, -41.256
1478.0000, -41.412
1478.4000, -41.371
1478.8000, -41.179
1479.2000, -41.139
1479.6000, -41.500
1480.0000, -41.340
1480.4000, -41.312
1480.8000, -41.308
1481.2000, -41.345
1481.6000, -41.153
1482.0000, -41.296
1482.4000, -41.082
1482.8000, -41.182
1483.2000, -41.419
1483.6000, -41.559
1484.0000, -41.610
1484.4000, -41.392
1484.8000, -41.418
1485.2000, -41.670
1485.6000, -41.412
1486.0000, -41.677
1486.4000, -41.522
1486.8000, -41.445
1487.2000, -41.504
1487.6000, -41.636
1488.0000, -41.204
1488.4000, -41.411
1488.8000, -41.620
1489.2000, -41.507
1489.6000, -41.658
1490.0000, -41.559
1490.4000, -41.634
1490.8000, -41.456
1491.2000, -41.581
1491.6000, -41.367
1492.0000, -41.440
1492.4000, -41.447
1492.8000, -41.286
1493.2000, -41.604
1493.6000, -41.595
1494.0000, -41.620
1494.4000, -41.600
1494.8000, -41.780
1495.2000, -41.893
1495.6000, -41.678
1496.0000, -41.908
1496.4000, -41.656
1496.8000, -41.662
1497.2000, -41.874
1497.6000, -41.871
1498.0000, -41.747
1498.4000, -41.733
1498.8000, -41.849
1499.2000, -41.815
1499.6000, -41.730
1500.0000, -41.992
1500.4000, -41.966
1500.8000, -41.983
1501.2000, -41.989
1501.6000, -42.152
1502.0000, -42.127
1502.4000, -42.258
1502.8000, -42.167
1503.2000, -42.134
1503.6000, -42.291
1504.0000, -42.069
1504.4000, -42.382
1504.8000, -42.283
1505.2000, -42.497
1505.6000, -42.498
1506.0000, -42.386
1506.4000, -42.364
1506.8000, -42.479
1507.2000, -42.370
1507.6000, -42.372
1508.0000, -42.130
1508.4000, -42.575
1508.8000, -42.256
1509.2000, -42.535
1509.6000, -42.573
1510.0000, -42.460
1510.4000, -42.395
1510.8000, -42.622
1511.2000, -42.419
1511.6000, -42.428
1512.0000, -42.652
1512.4000, -42.976
1512.8000, -42.669
1513.2000, -42.515
1513.6000, -42.528
1514.0000, -42.715
1514.4000, -42.732
1514.8000, -42.677
1515.2000, -42.502
1515.6000, -42.804
1516.0000, -42.583
1516.4000, -42.510
1516.8000, -42.746
1517.2000, -42.665
1517.6000, -42.872
1518.0000, -43.040
1518.4000, -42.814
1518.8000, -42.733
1519.2000, -42.562
1519.6000, -42.936
1520.0000, -43.004
1520.4000, -42.863
1520.8000, -42.845
1521.2000, -43.105
1521.6000, -43.453
1522.0000, -43.154
1522.4000, -42.915
1522.8000, -43.205
1523.2000, -42.803
1523.6000, -42.939
1524.0000, -42.953
1524.4000, -43.143
1524.8000, -43.248
1525.2000, -43.155
1525.6000, -43.125
1526.0000, -42.962
1526.4000, -43.274
1526.8000, -43.008
1527.2000, -43.248
1527.6000, -43.128
1528.0000, -43.401
1528.4000, -43.101
1528.8000, -43.428
1529.2000, -43.470
1529.6000, -43.334
1530.0000, -43.844
1530.4000, -43.602
1530.8000, -43.450
1531.2000, -43.639
1531.6000, -43.415
1532.0000, -43.736
1532.4000, -43.877
1532.8000, -43.498
1533.2000, -43.493
1533.6000, -43.696
1534.0000, -43.650
1534.4000, -43.756
1534.8000, -43.664
1535.2000, -43.590
1535.6000, -43.719
1536.0000, -43.819
1536.4000, -43.512
1536.8000, -43.800
1537.2000, -43.460
1537.6000, -43.691
1538.0000, -43.933
1538.4000, -43.827
1538.8000, -43.965
1539.2000, -44.174
1539.6000, -43.832
1540.0000, -44.069
1540.4000, -43.977
1540.8000, -44.537
1541.2000, -43.836
1541.6000, -44.260
1542.0000, -44.131
1542.4000, -44.354
1542.8000, -43.831
1543.2000, -44.288
1543.6000, -44.174
1544.0000, -44.399
1544.4000, -44.077
1544.8000, -44.343
1545.2000, -44.622
1545.6000, -44.301
1546.0000, -44.523
1546.4000, -44.255
1546.8000, -44.637
1547.2000, -44.957
1547.6000, -44.343
1548.0000, -44.933
1548.4000, -44.369
1548.8000, -44.861
1549.2000, -44.583
1549.6000, -44.522
1550.0000, -44.544
1550.4000, -44.888
1550.8000, -44.740
1551.2000, -44.523
1551.6000, -44.669
1552.0000, -44.505
1552.4000, -44.800
1552.8000, -45.009
1553.2000, -45.282
1553.6000, -45.199
1554.0000, -44.949
1554.4000, -45.207
1554.8000, -45.319
1555.2000, -45.290
1555.6000, -45.463
1556.0000, -45.353
1556.4000, -45.357
1556.8000, -45.207
1557.2000, -45.306
1557.6000, -45.309
1558.0000, -45.434
1558.4000, -45.370
1558.8000, -45.255
1559.2000, -45.472
1559.6000, -45.620
1560.0000, -45.403
1560.4000, -45.847
1560.8000, -45.525
1561.2000, -45.541
1561.6000, -45.296
1562.0000, -45.870
1562.4000, -46.242
1562.8000, -45.869
1563.2000, -45.448
1563.6000, -45.651
1564.0000, -45.585
1564.4000, -45.886
1564.8000, -46.060
1565.2000, -46.093
1565.6000, -46.184
1566.0000, -46.392
1566.4000, -45.834
1566.8000, -46.049
1567.2000, -46.143
1567.6000, -46.024
1568.0000, -46.436
1568.4000, -45.992
1568.8000, -46.182
1569.2000, -46.450
1569.6000, -46.557
1570.0000, -46.649
1570.4000, -46.407
1570.8000, -46.965
1571.2000, -46.777
1571.6000, -46.642
1572.0000, -46.534
1572.4000, -46.459
1572.8000, -47.109
1573.2000, -46.722
1573.6000, -46.998
1574.0000, -47.221
1574.4000, -46.867
1574.8000, -47.110
1575.2000, -46.863
1575.6000, -47.133
1576.0000, -46.773
1576.4000, -47.336
1576.8000, -47.212
1577.2000, -47.116
1577.6000, -47.545
1578.0000, -47.328
1578.4000, -47.471
1578.8000, -47.649
1579.2000, -47.385
1579.6000, -47.824
1580.0000, -47.181
1580.4000, -47.492
1580.8000, -47.752
1581.2000, -47.353
1581.6000, -47.707
1582.0000, -48.077
1582.4000, -47.603
1582.8000, -48.021
1583.2000, -48.558
1583.6000, -48.037
1584.0000, -48.039
1584.4000, -48.001
1584.8000, -48.076
1585.2000, -48.162
1585.6000, -47.822
1586.0000, -48.499
1586.4000, -48.810
1586.8000, -48.497
1587.2000, -48.261
1587.6000, -48.671
1588.0000, -48.651
1588.4000, -48.402
1588.8000, -48.498
1589.2000, -48.727
1589.6000, -48.704
1590.0000, -49.031
1590.4000, -48.814
1590.8000, -49.084
1591.2000, -48.687
1591.6000, -49.026
1592.0000, -49.225
1592.4000, -49.180
1592.8000, -49.280
1593.2000, -49.314
1593.6000, -49.675
1594.0000, -48.984
1594.4000, -49.718
1594.8000, -49.981
1595.2000, -49.561
1595.6000, -49.184
1596.0000, -49.692
1596.4000, -50.023
1596.8000, -49.886
1597.2000, -49.619
1597.6000, -49.592
1598.0000, -50.314
1598.4000, -50.560
1598.8000, -50.598
1599.2000, -50.010
1599.6000, -50.161
1600.0000, -50.322
1600.4000, -50.823
1600.8000, -51.224
1601.2000, -50.891
1601.6000, -50.864
1602.0000, -50.844
1602.4000, -51.300
1602.8000, -51.264
1603.2000, -51.590
1603.6000, -51.375
1604.0000, -51.543
1604.4000, -51.677
1604.8000, -51.186
1605.2000, -50.888
1605.6000, -51.590
1606.0000, -51.531
1606.4000, -51.899
1606.8000, -51.520
1607.2000, -52.053
1607.6000, -52.213
1608.0000, -52.548
1608.4000, -52.191
1608.8000, -51.952
1609.2000, -51.505
1609.6000, -51.674
1610.0000, -52.218
1610.4000, -51.783
1610.8000, -52.386
1611.2000, -52.470
1611.6000, -53.478
1612.0000, -52.829
1612.4000, -53.490
1612.8000, -52.354
1613.2000, -53.068
1613.6000, -54.019
1614.0000, -53.728
1614.4000, -52.656
1614.8000, -53.921
1615.2000, -53.936
1615.6000, -52.557
1616.0000, -53.533
1616.4000, -53.446
1616.8000, -53.506
1617.2000, -53.492
1617.6000, -53.907
1618.0000, -53.379
1618.4000, -53.189
1618.8000, -54.734
1619.2000, -53.724
1619.6000, -53.434
1620.0000, -53.686
1620.4000, -54.037
1620.8000, -54.014
1621.2000, -54.085
1621.6000, -53.882
1622.0000, -55.701
1622.4000, -55.014
1622.8000, -54.354
1623.2000, -54.431
1623.6000, -54.778
1624.0000, -55.427
1624.4000, -55.039
1624.8000, -55.450
1625.2000, -55.315
1625.6000, -56.888
1626.0000, -55.684
1626.4000, -55.510
1626.8000, -55.652
1627.2000, -56.086
1627.6000, -55.807
1628.0000, -56.499
1628.4000, -55.732
1628.8000, -57.172
1629.2000, -56.721
1629.6000, -57.144
1630.0000, -56.055
1630.4000, -56.782
1630.8000, -55.584
1631.2000, -57.021
1631.6000, -57.570
1632.0000, -56.814
1632.4000, -58.221
1632.8000, -58.902
1633.2000, -56.730
1633.6000, -57.629
1634.0000, -57.069
1634.4000, -57.794
1634.8000, -55.916
1635.2000, -57.940
1635.6000, -56.985
1636.0000, -56.471
1636.4000, -57.912
1636.8000, -57.589
1637.2000, -59.323
1637.6000, -60.129
1638.0000, -57.827
1638.4000, -57.864
1638.8000, -60.759
1639.2000, -59.869
1639.6000, -57.335
1640.0000, -59.340
1640.4000, -57.834
1640.8000, -57.673
1641.2000, -59.095
1641.6000, -59.206
1642.0000, -58.205
1642.4000, -59.980
1642.8000, -59.105
1643.2000, -60.843
1643.6000, -59.991
1644.0000, -59.745
1644.4000, -60.155
1644.8000, -59.365
1645.2000, -60.066
1645.6000, -62.374
1646.0000, -60.706
1646.4000, -61.050
1646.8000, -60.675
1647.2000, -61.894
1647.6000, -61.425
1648.0000, -60.494
1648.4000, -60.862
1648.8000, -60.511
1649.2000, -61.451
1649.6000, -62.087
1650.0000, -60.137
